{
  "configVersion": 1,
  "timestamp": 1736665272629,
  "index": "/index.html",
  "assetGroups": [
    {
      "name": "app",
      "installMode": "prefetch",
      "updateMode": "prefetch",
      "cacheQueryOptions": {
        "ignoreVary": true
      },
      "urls": [
        "/1033.c1e5a977b78df1f8.js",
        "/1118.7566c8be0052948a.js",
        "/1186.82fe4026e51c7981.js",
        "/1217.18a0b4056950e18c.js",
        "/1496.ded63475f8626eb4.js",
        "/1502.d68f34f3e9e31a29.js",
        "/1536.a4664b860e07c89e.js",
        "/1594.b64f7f3fe3adcccc.js",
        "/160.1ad04e25499f1bee.js",
        "/1636.87a812febc3de5e1.js",
        "/1650.ea546422cc241d26.js",
        "/1698.b6a3ea5b4ff2af2e.js",
        "/1709.c7872ffa302000e6.js",
        "/2073.7f25f0ac59e521b2.js",
        "/2081.5a4d35cd7e901669.js",
        "/2175.a31611386fcc5f9b.js",
        "/2289.6f119770bd30d096.js",
        "/2336.5647455903b0422a.js",
        "/2349.3ba612541eb39324.js",
        "/2698.091c6952271181ff.js",
        "/2746.9126fa51c9801d09.js",
        "/2773.5ca2841e84f1512f.js",
        "/2839.75d9eaf18f5320c7.js",
        "/3236.deffa3740a61d2ce.js",
        "/3633.f34c03bb686585b9.js",
        "/3648.6e07154a7dca680d.js",
        "/3671.a712a976623b5e7b.js",
        "/3682.ef3551ff8fcb918f.js",
        "/3768.3dc507814c42d9ac.js",
        "/3804.0cbd303b3a561c05.js",
        "/388.6f2d8f047fa7b893.js",
        "/392.57287975d7d437d4.js",
        "/404.8c73b70aa8c67031.js",
        "/4174.d9562d521e0fd60f.js",
        "/4261.7014f938f92bd918.js",
        "/4330.71a02d7acdf62d0f.js",
        "/4333.4627c5854345b8e6.js",
        "/4376.e9f32ad1c671a0a1.js",
        "/438.7f0201c7f434b8da.js",
        "/4381.2c4ef68e543a6d74.js",
        "/4432.6fff764a7c6b61cc.js",
        "/4441.ae1255fda7143002.js",
        "/4535.67f9d4be2252b035.js",
        "/4580.e4a9dd4e6a92d510.js",
        "/4651.5aaab850d36fd9a0.js",
        "/4711.88d38be1d037221a.js",
        "/4739.e27503bbe307bff7.js",
        "/4753.b565f73d101f8a33.js",
        "/4908.9e23194057556798.js",
        "/4933.28cba8a15853f09a.js",
        "/4959.cd3fbd8fd1d8a177.js",
        "/4987.60fbdd649af24e67.js",
        "/5168.800fcfcb2c53c7ab.js",
        "/5227.4777e89dd9c1d346.js",
        "/5262.1fea980d2eda3ea1.js",
        "/5326.a3d92ac3fc1db876.js",
        "/5349.652bda093817cd60.js",
        "/5439.39590c4d61c9a8b1.js",
        "/5652.f2997714582ecd8e.js",
        "/5817.0d435fc9552adbc2.js",
        "/5836.6d08f9621c4e62ca.js",
        "/6012.fbdb85c4ce0fed7f.js",
        "/6019.d432fcd7a3ef9b48.js",
        "/6120.28147c7270ea905c.js",
        "/6156.39e8b9429f82dc1b.js",
        "/6560.1cdb317264e958f4.js",
        "/657.32281aecfea48d93.js",
        "/6646.e96b8f20d7e2af52.js",
        "/6671.1f697658a9754528.js",
        "/6741.e1bf786a252913c1.js",
        "/6792.a449696366c9f588.js",
        "/6826.fefa70012aac299f.js",
        "/6961.c3c1613e93d96fc1.js",
        "/7012.fac625c8d5e74230.js",
        "/7151.04cc5f8e18a7ad60.js",
        "/7155.5f777b1bee9ff1ed.js",
        "/7206.6f7b77b456effc9d.js",
        "/7338.952aca2684295e83.js",
        "/7415.f5731049440a992f.js",
        "/7423.e93445b3ff914457.js",
        "/7509.d6e2a3a540774f25.js",
        "/7544.37f9ebb7fd9ecf1e.js",
        "/7602.be44267cb179e6dd.js",
        "/7696.dcc883c6084188ed.js",
        "/7811.49a439a721c4c54a.js",
        "/7906.788f588d08531cc6.js",
        "/8136.4603a2fa95a09e60.js",
        "/8208.8192b74bffdd14da.js",
        "/8220.89ef7b32b3be6340.js",
        "/8465.f418e3cc7b6a2ac0.js",
        "/8624.a0639064d98ba08c.js",
        "/8628.a088c1cf13dc93d1.js",
        "/8699.8c8bd5e3b3c7a845.js",
        "/8766.86553a4073f31820.js",
        "/8786.318397c1dc61d54c.js",
        "/8832.494f5317a1db895b.js",
        "/8939.4734c10cd219622c.js",
        "/9016.5f0973ac42633769.js",
        "/9230.804d08eea9883638.js",
        "/9234.582ec2a8af6c6256.js",
        "/9287.312857b33f481dda.js",
        "/9325.2fc2a641dfde0e2c.js",
        "/9434.13685f6f8df79ab9.js",
        "/9536.3ab7df59cb52f8fd.js",
        "/9654.ea4389e514d879bd.js",
        "/9824.4bf7e53fd320b523.js",
        "/9922.e37bd04f0f91b2a4.js",
        "/9940.545a2a60bb59c2d1.js",
        "/9958.de2e65f75eab1cac.js",
        "/common.c97e65309a489cd1.js",
        "/index.html",
        "/main.a9646eb452d57139.js",
        "/manifest.webmanifest",
        "/polyfills-core-js.b3eb16f0f64e9b8c.js",
        "/polyfills-dom.3a5e3168052f1fc5.js",
        "/polyfills.c4f0768ec61d3c3b.js",
        "/runtime.f3098fa03af15898.js",
        "/styles.40fd179c40e6e414.css"
      ],
      "patterns": []
    },
    {
      "name": "assets",
      "installMode": "lazy",
      "updateMode": "prefetch",
      "cacheQueryOptions": {
        "ignoreVary": true
      },
      "urls": [
        "/assets/icon/favicon.png",
        "/assets/icon/logo.jpeg",
        "/assets/icons/icon-144-144.png",
        "/assets/icons/icon-192-192.png",
        "/assets/icons/icon-48-48.png",
        "/assets/icons/icon-512-512.png",
        "/assets/icons/icon-72-72.png",
        "/assets/icons/icon-96-96.png",
        "/assets/imgs/accountinfo.png",
        "/assets/imgs/acenteriesrecord.png",
        "/assets/imgs/balancesheet.png",
        "/assets/imgs/finance.png",
        "/assets/imgs/itemdetails.png",
        "/assets/imgs/itemmovement.png",
        "/assets/imgs/logo.jpeg",
        "/assets/imgs/profit.png",
        "/assets/imgs/profitandloss.jpg",
        "/assets/imgs/purchasesreport.png",
        "/assets/imgs/salesreport.png",
        "/assets/imgs/statment.png",
        "/assets/imgs/useractivity.png",
        "/assets/imgs/useretails.jpg",
        "/assets/shapes.svg"
      ],
      "patterns": []
    }
  ],
  "dataGroups": [],
  "hashTable": {
    "/1033.c1e5a977b78df1f8.js": "86c778e5a6482bf28230b34eab9c5f87ef311c62",
    "/1118.7566c8be0052948a.js": "6ee9b0048b054c939854ac97a7bedf65d2460997",
    "/1186.82fe4026e51c7981.js": "47c0111fa6d0244cbe6775613af4d69cf31e8fb3",
    "/1217.18a0b4056950e18c.js": "33c5b2cf32595e16b9d13b920a320228c15bb36e",
    "/1496.ded63475f8626eb4.js": "d60ccbfda70388d48a7aff9d51accbfb2242721c",
    "/1502.d68f34f3e9e31a29.js": "ebaecd3a497336ab5e3b1ada383506525bef8081",
    "/1536.a4664b860e07c89e.js": "c7a4d9c5497ae13bce066739b0b1f8169fced86b",
    "/1594.b64f7f3fe3adcccc.js": "927e3f79bfb4641ef92b7327af46b578c1a2ee08",
    "/160.1ad04e25499f1bee.js": "cc98cf0a3da8476401bcd4536bb33c4450cd8760",
    "/1636.87a812febc3de5e1.js": "1dca2c257ec3834b5dfd8f45c62674e81b0508e8",
    "/1650.ea546422cc241d26.js": "a20fe00c8689e15aac7a7e8bbb29a3193e82902c",
    "/1698.b6a3ea5b4ff2af2e.js": "66067275d67144fd2f088a796440b905140b5d21",
    "/1709.c7872ffa302000e6.js": "57171374a7767216521fbc8720599328d124014a",
    "/2073.7f25f0ac59e521b2.js": "ff61a1c778f6566b082461ada4e31bea2c986168",
    "/2081.5a4d35cd7e901669.js": "28f444e1996f7d2d3293e7f3a8c8d5e0aea97c81",
    "/2175.a31611386fcc5f9b.js": "c2c7a04cb68c09e2e8b434ff692be66fdcd70c29",
    "/2289.6f119770bd30d096.js": "d69d251c002771b263bb9824682c4647909c1647",
    "/2336.5647455903b0422a.js": "3d5c8bb27d607badb8d79c1e90b8392def607c04",
    "/2349.3ba612541eb39324.js": "c196d2646588e778b57ad548f9321cf91e4d12d4",
    "/2698.091c6952271181ff.js": "6531465995f4cff4ed0cd99ac5f5d03faa3b56e6",
    "/2746.9126fa51c9801d09.js": "3230824f484edd1f699120d48b470f8cff566c36",
    "/2773.5ca2841e84f1512f.js": "589b421215cdb3bf76776e2f8d11375816e84469",
    "/2839.75d9eaf18f5320c7.js": "1508660c95280d42f915aa3a2448d883a2e5cc8c",
    "/3236.deffa3740a61d2ce.js": "4fdecd67c5a756509cc3fbcd812c78f5cb6888a5",
    "/3633.f34c03bb686585b9.js": "77d01cc2522c2e5d4c5546db6caec56d2c19024d",
    "/3648.6e07154a7dca680d.js": "aa3841fe7a115ea36c375b4eafc069c814573180",
    "/3671.a712a976623b5e7b.js": "41c1ed9f21abaa64a3b4163e2e740c56a98185c8",
    "/3682.ef3551ff8fcb918f.js": "3eb8020c771f4de6f0e64c222be0028268e528d2",
    "/3768.3dc507814c42d9ac.js": "331a540ce19be8a40782b78339f0583dfb3f98ea",
    "/3804.0cbd303b3a561c05.js": "2133ce0b9ee212d4fd6ea658d59aca849bcdce0f",
    "/388.6f2d8f047fa7b893.js": "410770bd0240b0e6280bf7280ddc395fbec89a28",
    "/392.57287975d7d437d4.js": "a7293dcc6074f8652e5987c556b881e4577e09a4",
    "/404.8c73b70aa8c67031.js": "b3f2aa4e4674b0f650d1dd08e0d9f5b05a41b9a0",
    "/4174.d9562d521e0fd60f.js": "3d68ead59ab48f272e9262b01b096c4c0de9446c",
    "/4261.7014f938f92bd918.js": "d56f547694008771c51faf5e75691677a861ec1b",
    "/4330.71a02d7acdf62d0f.js": "eff0bf2410ffa25e02c37b3de9f3e84776aed77f",
    "/4333.4627c5854345b8e6.js": "bd1b9c558cfc75080c32f22ce71aa08c3980869c",
    "/4376.e9f32ad1c671a0a1.js": "ec97e646bfc5d6dd7f6a85c4b387b6a437fd5c49",
    "/438.7f0201c7f434b8da.js": "0bafaf7b28bce7502edf2613db892495e449dea5",
    "/4381.2c4ef68e543a6d74.js": "04aa1452377930e5851fb9838b265560110b8f08",
    "/4432.6fff764a7c6b61cc.js": "0b3563dbbd1238c4aebf08b499eeb80ead5d3ff8",
    "/4441.ae1255fda7143002.js": "90fcbbc0944f72729a2646064f12e0d3b13eac62",
    "/4535.67f9d4be2252b035.js": "59a56f23f9341f9786f5a19e00a16fcf8fbc2194",
    "/4580.e4a9dd4e6a92d510.js": "22da354205167f00dfbb67f7c892fa0030cac066",
    "/4651.5aaab850d36fd9a0.js": "abd0a2a2d223c39fda1dbcbbdd6937c9a0a6766a",
    "/4711.88d38be1d037221a.js": "655e0cca666d8f066a96d99dca3b92f7e72bd896",
    "/4739.e27503bbe307bff7.js": "8f199a7cc00e9e8dccfd74aae7c6a8225e6bfb18",
    "/4753.b565f73d101f8a33.js": "cd55ee27d4dcfba1ae5ae51fe47a287cbed726b4",
    "/4908.9e23194057556798.js": "f1f25dac069b42f9f403e83d10a749c47145c7e6",
    "/4933.28cba8a15853f09a.js": "7c3380d473c7246254870001aaf03d0ed8bee461",
    "/4959.cd3fbd8fd1d8a177.js": "c00408322e5d8e66d93476f3258287bd62c2fa29",
    "/4987.60fbdd649af24e67.js": "2186a17ba93758f5d11f3abbb2845c259414d55c",
    "/5168.800fcfcb2c53c7ab.js": "00e80f94d9d8883ebc85512574f6cb292e635aeb",
    "/5227.4777e89dd9c1d346.js": "d1a1278f718670adae8a5176ac21352cc1f3c541",
    "/5262.1fea980d2eda3ea1.js": "d53e83b25a9176935285525d7a746945cd85df77",
    "/5326.a3d92ac3fc1db876.js": "677d086bb11f25770b3f95355949961903adb3a9",
    "/5349.652bda093817cd60.js": "72f104786ab261312c07dd3174a96b4c0dd161f0",
    "/5439.39590c4d61c9a8b1.js": "552751d9aa500d293ce5a41dac4a2c5d71681610",
    "/5652.f2997714582ecd8e.js": "d22691c491fcc9964009d3958c2e286324f32259",
    "/5817.0d435fc9552adbc2.js": "1ffd1df62131e3e36e493e06695262aa199e8772",
    "/5836.6d08f9621c4e62ca.js": "c5b09f86431eccf2a7109d393de8947c20f9b5dd",
    "/6012.fbdb85c4ce0fed7f.js": "4ab33172e513faa8594667fb715e7bbd9fde11c2",
    "/6019.d432fcd7a3ef9b48.js": "63e0dffac7c09ba56274f9dcefa14c26279faaf2",
    "/6120.28147c7270ea905c.js": "a426fcf91b87e9935d526d07e287ff9430ab9fcc",
    "/6156.39e8b9429f82dc1b.js": "764ad8b64bbba0ec4c235c47cd4da7049391a2e8",
    "/6560.1cdb317264e958f4.js": "95ee1ad087def23fd3142211b60672efe1619e5e",
    "/657.32281aecfea48d93.js": "3e48b89a92842747c2e11adccb9ec48d9f0e5fc1",
    "/6646.e96b8f20d7e2af52.js": "b3b963d92e306bf51b310c3eafd50cabc979831b",
    "/6671.1f697658a9754528.js": "b1254a09c8ba1c79b0d2dbf76098e2aa47daeeed",
    "/6741.e1bf786a252913c1.js": "e1c399742b771ce4f663efcaf22a290e082816e1",
    "/6792.a449696366c9f588.js": "1d2047eab55edbaae08a9007b8d228a658c99f83",
    "/6826.fefa70012aac299f.js": "100f4c2826aef14dd0c1be4a245d53922932c5d3",
    "/6961.c3c1613e93d96fc1.js": "187ec136e7fafe128b737511a37a1acae0bf0934",
    "/7012.fac625c8d5e74230.js": "69bc7959760386fdf4c4f23e27e7f26822458ec7",
    "/7151.04cc5f8e18a7ad60.js": "fb156f1db9d14cd7ed9682f547c13fa31a6063d3",
    "/7155.5f777b1bee9ff1ed.js": "73d46d5f1adb497ef7785622483dae7a3ef5c0e7",
    "/7206.6f7b77b456effc9d.js": "6e83d17bcf5c51c71f64eb4b644cfb6d5dc010ba",
    "/7338.952aca2684295e83.js": "8c8785310dfec038497c1231dd04a5fd8e7d7eb8",
    "/7415.f5731049440a992f.js": "25bd7d774d479567b96f5dd7e43af527bdb50b97",
    "/7423.e93445b3ff914457.js": "79b3038533cb7cb4da57ad4b87e73366153e37c8",
    "/7509.d6e2a3a540774f25.js": "d0ac17912f440801b5029c667122b7374ea4c580",
    "/7544.37f9ebb7fd9ecf1e.js": "5610ad5be4144065f13d17cc10ed931f7b9e8a6e",
    "/7602.be44267cb179e6dd.js": "b71f96469177f9dad7019e68d84c99c462468c8b",
    "/7696.dcc883c6084188ed.js": "d562098804c07f936b4fc3f8f08e135e880b1940",
    "/7811.49a439a721c4c54a.js": "cc39734aaebc87eb18f4d97fc312c5110d80eb07",
    "/7906.788f588d08531cc6.js": "d7e115ae0be73c1bb858c3fada4ca03cc7a24934",
    "/8136.4603a2fa95a09e60.js": "f91e6a80e2318d81f7b7ef2667149cd56734dc86",
    "/8208.8192b74bffdd14da.js": "70cffa52b10eed3af932ea17d46bdec048542e95",
    "/8220.89ef7b32b3be6340.js": "d7df5edbe05d9c14bbd73199b12fa2bd41194fbc",
    "/8465.f418e3cc7b6a2ac0.js": "164fd69c424901dcc894610705e355221ce9f0cf",
    "/8624.a0639064d98ba08c.js": "e283e3450dbd4c4f06f4dceee0c2c368433569c6",
    "/8628.a088c1cf13dc93d1.js": "ed07fd77c8bb952807b0f3bae119dd9c9275082d",
    "/8699.8c8bd5e3b3c7a845.js": "b347134fdbbdfc4480f9ded203762def883ef187",
    "/8766.86553a4073f31820.js": "796b54789908962d08f7a752eb79c991821653eb",
    "/8786.318397c1dc61d54c.js": "8263cd5efc906d851c4bff9a36458882e15874e7",
    "/8832.494f5317a1db895b.js": "916b415ad8e80be67039e924b6f33548d0320820",
    "/8939.4734c10cd219622c.js": "26f4578e648941878f986f15c77d6273f5652b9a",
    "/9016.5f0973ac42633769.js": "9ea594e646a817e0f9baeb2fc6271598a1cdf84e",
    "/9230.804d08eea9883638.js": "0df436b0d1c468e5965abeb19d171b84cbb56d62",
    "/9234.582ec2a8af6c6256.js": "624f6c9d74ca94a3251c8650e297e5a2359872a9",
    "/9287.312857b33f481dda.js": "c73fb8cc7123ac8c3db75945a928fa2c45e6e5ed",
    "/9325.2fc2a641dfde0e2c.js": "cafd2cddee3f8f8320a81081f28530cc3907a556",
    "/9434.13685f6f8df79ab9.js": "61a54ea9a029c4ea91cfbb0ab4a40b556aa73e4d",
    "/9536.3ab7df59cb52f8fd.js": "f902a91a78b3ce37069184da29e50b061a273e54",
    "/9654.ea4389e514d879bd.js": "413636c6dc6dcd07d5853e3f40861af7caf9e294",
    "/9824.4bf7e53fd320b523.js": "1984abf940a52b6f76d85eec94e46c6551e890bf",
    "/9922.e37bd04f0f91b2a4.js": "16dd7feda6ce34dae2f0ee7c4dbaf9e9e3d23834",
    "/9940.545a2a60bb59c2d1.js": "e3086508d9da4f6a04610abf249b50a4b0951c5a",
    "/9958.de2e65f75eab1cac.js": "2c469f3cb45b1d6768b288cdcb2e0a9197ca6aaf",
    "/assets/icon/favicon.png": "e7d70731f3d88e407f23a3ce0e7cf60174717ad4",
    "/assets/icon/logo.jpeg": "3c8db39b00897a97c3c29e79237d21c5854bf93d",
    "/assets/icons/icon-144-144.png": "e1468f82edf1e0ce769966d481b2c7d6236aa867",
    "/assets/icons/icon-192-192.png": "755fec06c39d71a939202d2b2ed083e6c4f582b5",
    "/assets/icons/icon-48-48.png": "aade42e09c0863b7e3ef292801726e5b693bcc77",
    "/assets/icons/icon-512-512.png": "6e2d9fcdc5422809c9f48e089f67a8da45b668b0",
    "/assets/icons/icon-72-72.png": "38896ff8f4bf5131b9f68017a61cf50963fe54d3",
    "/assets/icons/icon-96-96.png": "067063bc84672cc3c1595c5ee4dc7d9fdb1e8ff8",
    "/assets/imgs/accountinfo.png": "a390c2a8155e23924c1f5d9fbfa72ed6e48a9cc9",
    "/assets/imgs/acenteriesrecord.png": "046335a7034c6505a309e53ed174f259d05729e5",
    "/assets/imgs/balancesheet.png": "876dcf2603d88d6cb9122eaa4ee8d996b4b79634",
    "/assets/imgs/finance.png": "11a9268741ba798b8ff09f0800bec426daab8c1c",
    "/assets/imgs/itemdetails.png": "4b57755aafddf954f37da7806b6fbc3652846a58",
    "/assets/imgs/itemmovement.png": "2a055feb71d4a9c3977d3a54d74a45b212b6b9f6",
    "/assets/imgs/logo.jpeg": "3c8db39b00897a97c3c29e79237d21c5854bf93d",
    "/assets/imgs/profit.png": "1022348b3ce5278f42d613f34b52824a77f3e700",
    "/assets/imgs/profitandloss.jpg": "3c11cfc25242849e18826ab61cb2f41ac124611a",
    "/assets/imgs/purchasesreport.png": "e0355db460de35c56421b44f3b760602ab1b5ffc",
    "/assets/imgs/salesreport.png": "e86d0f22ed90847429a16d6b13edbe74cc4c115c",
    "/assets/imgs/statment.png": "3757c48bbf5ed4d2389fe5628ae70be49ab7839b",
    "/assets/imgs/useractivity.png": "be3aee0117a47c4a1d60fafd9e7c5331b8cc263c",
    "/assets/imgs/useretails.jpg": "29b388514935f7ea9d87709b5eb1fd59ec9c5afe",
    "/assets/shapes.svg": "638f87e27e6fc7ddfd6e6b262ea70d690f6c7011",
    "/common.c97e65309a489cd1.js": "bd2606b02051c6f54aa2599c4877d091f2671532",
    "/index.html": "c606a332b1caef3582295da73075dd77fcdc0a56",
    "/main.a9646eb452d57139.js": "7f226afd2a586e3cd274f5b009a4364ff02c7e0b",
    "/manifest.webmanifest": "da2061dba175bf2d881980e8596ff5343e2dd7b6",
    "/polyfills-core-js.b3eb16f0f64e9b8c.js": "74f73ddfbee814abfb2702e1dd9ca4c9ddb994c5",
    "/polyfills-dom.3a5e3168052f1fc5.js": "50f6ff473a0568bffb8a9d412d7efaced2d36137",
    "/polyfills.c4f0768ec61d3c3b.js": "8a9a30dca61ec89cbd4ae385133c8d01e89a341d",
    "/runtime.f3098fa03af15898.js": "b4ad294d0e4c70e2447c6e5cfdee6258ddcbbc21",
    "/styles.40fd179c40e6e414.css": "76812bec8b7beacf5ba22556e753fe0a76091142"
  },
  "navigationUrls": [
    {
      "positive": true,
      "regex": "^\\/.*$"
    },
    {
      "positive": false,
      "regex": "^\\/(?:.+\\/)?[^/]*\\.[^/]*$"
    },
    {
      "positive": false,
      "regex": "^\\/(?:.+\\/)?[^/]*__[^/]*$"
    },
    {
      "positive": false,
      "regex": "^\\/(?:.+\\/)?[^/]*__[^/]*\\/.*$"
    }
  ],
  "navigationRequestStrategy": "performance"
}