{
  "configVersion": 1,
  "timestamp": 1731085438459,
  "index": "/index.html",
  "assetGroups": [
    {
      "name": "app",
      "installMode": "prefetch",
      "updateMode": "prefetch",
      "cacheQueryOptions": {
        "ignoreVary": true
      },
      "urls": [
        "/1033.c1e5a977b78df1f8.js",
        "/1118.7566c8be0052948a.js",
        "/1186.82fe4026e51c7981.js",
        "/1217.18a0b4056950e18c.js",
        "/1502.7d7a98cbe2a84908.js",
        "/1536.a4664b860e07c89e.js",
        "/1594.b64f7f3fe3adcccc.js",
        "/160.1ad04e25499f1bee.js",
        "/1650.ea546422cc241d26.js",
        "/1709.c7872ffa302000e6.js",
        "/2073.7f25f0ac59e521b2.js",
        "/2081.5a4d35cd7e901669.js",
        "/2175.a31611386fcc5f9b.js",
        "/2289.6f119770bd30d096.js",
        "/2336.2c26aa88a4402882.js",
        "/2349.3ba612541eb39324.js",
        "/2698.091c6952271181ff.js",
        "/2746.9126fa51c9801d09.js",
        "/2773.5ca2841e84f1512f.js",
        "/2839.d85cb200feaf6da2.js",
        "/3236.deffa3740a61d2ce.js",
        "/3578.6c3e8cb24a2ab742.js",
        "/3633.f34c03bb686585b9.js",
        "/3648.6e07154a7dca680d.js",
        "/3671.a712a976623b5e7b.js",
        "/3682.ef3551ff8fcb918f.js",
        "/3768.9441ccfde289fc4f.js",
        "/3804.0cbd303b3a561c05.js",
        "/388.6f2d8f047fa7b893.js",
        "/392.57287975d7d437d4.js",
        "/404.e3cb459a3dece27d.js",
        "/4174.d9562d521e0fd60f.js",
        "/4330.71a02d7acdf62d0f.js",
        "/4333.29a841d621da1f2b.js",
        "/4376.e9f32ad1c671a0a1.js",
        "/438.7f0201c7f434b8da.js",
        "/4432.6fff764a7c6b61cc.js",
        "/4441.ae1255fda7143002.js",
        "/4535.67f9d4be2252b035.js",
        "/4580.754a15fea4bffdb7.js",
        "/4651.5aaab850d36fd9a0.js",
        "/4711.88d38be1d037221a.js",
        "/4753.b565f73d101f8a33.js",
        "/4908.9e23194057556798.js",
        "/4959.cd3fbd8fd1d8a177.js",
        "/4987.1a4e3c7581cc0a82.js",
        "/5168.800fcfcb2c53c7ab.js",
        "/5227.4777e89dd9c1d346.js",
        "/5262.a7ef64787a1a6540.js",
        "/5326.a3d92ac3fc1db876.js",
        "/5349.652bda093817cd60.js",
        "/5652.f2997714582ecd8e.js",
        "/5817.0d435fc9552adbc2.js",
        "/5836.6d08f9621c4e62ca.js",
        "/6012.fbdb85c4ce0fed7f.js",
        "/6019.b6c04b116f2d485f.js",
        "/6120.28147c7270ea905c.js",
        "/6156.39e8b9429f82dc1b.js",
        "/6560.1cdb317264e958f4.js",
        "/657.32281aecfea48d93.js",
        "/6646.fb93c3f2aa271209.js",
        "/6671.0916814784913d4f.js",
        "/6741.58ef8ed93b410de4.js",
        "/6826.fefa70012aac299f.js",
        "/6961.f5d7b8bfa334edc7.js",
        "/7012.418cc639770c27b6.js",
        "/7151.3501fc4d0c3adfde.js",
        "/7155.b8037aa799b1fd75.js",
        "/7206.6f7b77b456effc9d.js",
        "/7338.952aca2684295e83.js",
        "/7415.6e455397ef3cbfeb.js",
        "/7423.e93445b3ff914457.js",
        "/7509.d6e2a3a540774f25.js",
        "/7544.37f9ebb7fd9ecf1e.js",
        "/7602.be44267cb179e6dd.js",
        "/7696.dcc883c6084188ed.js",
        "/7811.90f72c4bafa6ed20.js",
        "/8136.4603a2fa95a09e60.js",
        "/8208.8192b74bffdd14da.js",
        "/8220.89ef7b32b3be6340.js",
        "/8624.a0639064d98ba08c.js",
        "/8628.a088c1cf13dc93d1.js",
        "/8766.86553a4073f31820.js",
        "/8832.f5b2d5956a4f6e95.js",
        "/8939.4734c10cd219622c.js",
        "/9016.5f0973ac42633769.js",
        "/9230.804d08eea9883638.js",
        "/9325.2fc2a641dfde0e2c.js",
        "/9434.13685f6f8df79ab9.js",
        "/9536.8b94d4179b18c5a8.js",
        "/9654.ea4389e514d879bd.js",
        "/9824.4bf7e53fd320b523.js",
        "/9922.e37bd04f0f91b2a4.js",
        "/9958.de2e65f75eab1cac.js",
        "/common.004ccd858988ba6e.js",
        "/index.html",
        "/main.55068a93b006c76e.js",
        "/manifest.webmanifest",
        "/polyfills-core-js.b3eb16f0f64e9b8c.js",
        "/polyfills-dom.3a5e3168052f1fc5.js",
        "/polyfills.c4f0768ec61d3c3b.js",
        "/runtime.73237c8bd49bdfd8.js",
        "/styles.c2e824e6a65dae0e.css"
      ],
      "patterns": []
    },
    {
      "name": "assets",
      "installMode": "lazy",
      "updateMode": "prefetch",
      "cacheQueryOptions": {
        "ignoreVary": true
      },
      "urls": [
        "/assets/icon/favicon.png",
        "/assets/icon/logo.jpeg",
        "/assets/icons/icon-144-144.png",
        "/assets/icons/icon-192-192.png",
        "/assets/icons/icon-48-48.png",
        "/assets/icons/icon-512-512.png",
        "/assets/icons/icon-72-72.png",
        "/assets/icons/icon-96-96.png",
        "/assets/imgs/accountinfo.png",
        "/assets/imgs/acenteriesrecord.png",
        "/assets/imgs/balancesheet.png",
        "/assets/imgs/finance.png",
        "/assets/imgs/itemdetails.png",
        "/assets/imgs/itemmovement.png",
        "/assets/imgs/logo.jpeg",
        "/assets/imgs/profit.png",
        "/assets/imgs/profitandloss.jpg",
        "/assets/imgs/purchasesreport.png",
        "/assets/imgs/salesreport.png",
        "/assets/imgs/statment.png",
        "/assets/imgs/useractivity.png",
        "/assets/imgs/useretails.jpg",
        "/assets/shapes.svg"
      ],
      "patterns": []
    }
  ],
  "dataGroups": [],
  "hashTable": {
    "/1033.c1e5a977b78df1f8.js": "86c778e5a6482bf28230b34eab9c5f87ef311c62",
    "/1118.7566c8be0052948a.js": "6ee9b0048b054c939854ac97a7bedf65d2460997",
    "/1186.82fe4026e51c7981.js": "47c0111fa6d0244cbe6775613af4d69cf31e8fb3",
    "/1217.18a0b4056950e18c.js": "33c5b2cf32595e16b9d13b920a320228c15bb36e",
    "/1502.7d7a98cbe2a84908.js": "a0a1290c63cecb03772f03519f6320b89184558e",
    "/1536.a4664b860e07c89e.js": "c7a4d9c5497ae13bce066739b0b1f8169fced86b",
    "/1594.b64f7f3fe3adcccc.js": "927e3f79bfb4641ef92b7327af46b578c1a2ee08",
    "/160.1ad04e25499f1bee.js": "cc98cf0a3da8476401bcd4536bb33c4450cd8760",
    "/1650.ea546422cc241d26.js": "a20fe00c8689e15aac7a7e8bbb29a3193e82902c",
    "/1709.c7872ffa302000e6.js": "57171374a7767216521fbc8720599328d124014a",
    "/2073.7f25f0ac59e521b2.js": "ff61a1c778f6566b082461ada4e31bea2c986168",
    "/2081.5a4d35cd7e901669.js": "28f444e1996f7d2d3293e7f3a8c8d5e0aea97c81",
    "/2175.a31611386fcc5f9b.js": "c2c7a04cb68c09e2e8b434ff692be66fdcd70c29",
    "/2289.6f119770bd30d096.js": "d69d251c002771b263bb9824682c4647909c1647",
    "/2336.2c26aa88a4402882.js": "7b688bf544fbd6dc9770e021a6b82ce108a2d096",
    "/2349.3ba612541eb39324.js": "c196d2646588e778b57ad548f9321cf91e4d12d4",
    "/2698.091c6952271181ff.js": "6531465995f4cff4ed0cd99ac5f5d03faa3b56e6",
    "/2746.9126fa51c9801d09.js": "3230824f484edd1f699120d48b470f8cff566c36",
    "/2773.5ca2841e84f1512f.js": "589b421215cdb3bf76776e2f8d11375816e84469",
    "/2839.d85cb200feaf6da2.js": "de9498aabe47a0bf2110ce2cf880e2a892b7304a",
    "/3236.deffa3740a61d2ce.js": "4fdecd67c5a756509cc3fbcd812c78f5cb6888a5",
    "/3578.6c3e8cb24a2ab742.js": "68adf0cf50e607bfb535654f2a9a303b449e2dd9",
    "/3633.f34c03bb686585b9.js": "77d01cc2522c2e5d4c5546db6caec56d2c19024d",
    "/3648.6e07154a7dca680d.js": "aa3841fe7a115ea36c375b4eafc069c814573180",
    "/3671.a712a976623b5e7b.js": "41c1ed9f21abaa64a3b4163e2e740c56a98185c8",
    "/3682.ef3551ff8fcb918f.js": "3eb8020c771f4de6f0e64c222be0028268e528d2",
    "/3768.9441ccfde289fc4f.js": "db1dee48a3896d5fb14ab67f112d6e72b67c12d0",
    "/3804.0cbd303b3a561c05.js": "2133ce0b9ee212d4fd6ea658d59aca849bcdce0f",
    "/388.6f2d8f047fa7b893.js": "410770bd0240b0e6280bf7280ddc395fbec89a28",
    "/392.57287975d7d437d4.js": "a7293dcc6074f8652e5987c556b881e4577e09a4",
    "/404.e3cb459a3dece27d.js": "1886107bad3640f6955e0032c864317182bd119b",
    "/4174.d9562d521e0fd60f.js": "3d68ead59ab48f272e9262b01b096c4c0de9446c",
    "/4330.71a02d7acdf62d0f.js": "eff0bf2410ffa25e02c37b3de9f3e84776aed77f",
    "/4333.29a841d621da1f2b.js": "d32705e2efd3ec344055e340fb5bf4a8a07897f0",
    "/4376.e9f32ad1c671a0a1.js": "ec97e646bfc5d6dd7f6a85c4b387b6a437fd5c49",
    "/438.7f0201c7f434b8da.js": "0bafaf7b28bce7502edf2613db892495e449dea5",
    "/4432.6fff764a7c6b61cc.js": "0b3563dbbd1238c4aebf08b499eeb80ead5d3ff8",
    "/4441.ae1255fda7143002.js": "90fcbbc0944f72729a2646064f12e0d3b13eac62",
    "/4535.67f9d4be2252b035.js": "59a56f23f9341f9786f5a19e00a16fcf8fbc2194",
    "/4580.754a15fea4bffdb7.js": "6805ba5e72bbdea900b550c230343c4a1d498c74",
    "/4651.5aaab850d36fd9a0.js": "abd0a2a2d223c39fda1dbcbbdd6937c9a0a6766a",
    "/4711.88d38be1d037221a.js": "655e0cca666d8f066a96d99dca3b92f7e72bd896",
    "/4753.b565f73d101f8a33.js": "cd55ee27d4dcfba1ae5ae51fe47a287cbed726b4",
    "/4908.9e23194057556798.js": "f1f25dac069b42f9f403e83d10a749c47145c7e6",
    "/4959.cd3fbd8fd1d8a177.js": "c00408322e5d8e66d93476f3258287bd62c2fa29",
    "/4987.1a4e3c7581cc0a82.js": "367174ea020b38aca8f5c42505a94ae8f3ccbfa8",
    "/5168.800fcfcb2c53c7ab.js": "00e80f94d9d8883ebc85512574f6cb292e635aeb",
    "/5227.4777e89dd9c1d346.js": "d1a1278f718670adae8a5176ac21352cc1f3c541",
    "/5262.a7ef64787a1a6540.js": "9a9f7c197a57ab39aede35c86339f95bde4ce31a",
    "/5326.a3d92ac3fc1db876.js": "677d086bb11f25770b3f95355949961903adb3a9",
    "/5349.652bda093817cd60.js": "72f104786ab261312c07dd3174a96b4c0dd161f0",
    "/5652.f2997714582ecd8e.js": "d22691c491fcc9964009d3958c2e286324f32259",
    "/5817.0d435fc9552adbc2.js": "1ffd1df62131e3e36e493e06695262aa199e8772",
    "/5836.6d08f9621c4e62ca.js": "c5b09f86431eccf2a7109d393de8947c20f9b5dd",
    "/6012.fbdb85c4ce0fed7f.js": "4ab33172e513faa8594667fb715e7bbd9fde11c2",
    "/6019.b6c04b116f2d485f.js": "4f44113972efd0071e0f9bf55997daa7c2fcf765",
    "/6120.28147c7270ea905c.js": "a426fcf91b87e9935d526d07e287ff9430ab9fcc",
    "/6156.39e8b9429f82dc1b.js": "764ad8b64bbba0ec4c235c47cd4da7049391a2e8",
    "/6560.1cdb317264e958f4.js": "95ee1ad087def23fd3142211b60672efe1619e5e",
    "/657.32281aecfea48d93.js": "3e48b89a92842747c2e11adccb9ec48d9f0e5fc1",
    "/6646.fb93c3f2aa271209.js": "02e79144011715966abc8c9604bf9bf9281297ea",
    "/6671.0916814784913d4f.js": "98804a9875685221e3b9c58144808e016a80dfb1",
    "/6741.58ef8ed93b410de4.js": "0c5665bfd1c8b59ae84fee58133b71f340d7dc48",
    "/6826.fefa70012aac299f.js": "100f4c2826aef14dd0c1be4a245d53922932c5d3",
    "/6961.f5d7b8bfa334edc7.js": "c0b1bb13a99fbdb2b7ccf9857e21777ad256b4a3",
    "/7012.418cc639770c27b6.js": "586489719f6d5e3e6ada26d8d701b204287bb788",
    "/7151.3501fc4d0c3adfde.js": "1db19d61da984fc1db0a24c488c5add9f26423bb",
    "/7155.b8037aa799b1fd75.js": "1c397bda355356fe6470c019be9a11c52dc736e4",
    "/7206.6f7b77b456effc9d.js": "6e83d17bcf5c51c71f64eb4b644cfb6d5dc010ba",
    "/7338.952aca2684295e83.js": "8c8785310dfec038497c1231dd04a5fd8e7d7eb8",
    "/7415.6e455397ef3cbfeb.js": "9df5eef8ce972322f5e41b62ac9fd9e01165921f",
    "/7423.e93445b3ff914457.js": "79b3038533cb7cb4da57ad4b87e73366153e37c8",
    "/7509.d6e2a3a540774f25.js": "d0ac17912f440801b5029c667122b7374ea4c580",
    "/7544.37f9ebb7fd9ecf1e.js": "5610ad5be4144065f13d17cc10ed931f7b9e8a6e",
    "/7602.be44267cb179e6dd.js": "b71f96469177f9dad7019e68d84c99c462468c8b",
    "/7696.dcc883c6084188ed.js": "d562098804c07f936b4fc3f8f08e135e880b1940",
    "/7811.90f72c4bafa6ed20.js": "74fa5f967cd079b6899132f71bff081a72b51faa",
    "/8136.4603a2fa95a09e60.js": "f91e6a80e2318d81f7b7ef2667149cd56734dc86",
    "/8208.8192b74bffdd14da.js": "70cffa52b10eed3af932ea17d46bdec048542e95",
    "/8220.89ef7b32b3be6340.js": "d7df5edbe05d9c14bbd73199b12fa2bd41194fbc",
    "/8624.a0639064d98ba08c.js": "e283e3450dbd4c4f06f4dceee0c2c368433569c6",
    "/8628.a088c1cf13dc93d1.js": "ed07fd77c8bb952807b0f3bae119dd9c9275082d",
    "/8766.86553a4073f31820.js": "796b54789908962d08f7a752eb79c991821653eb",
    "/8832.f5b2d5956a4f6e95.js": "191aafc8667f6301d1f7ffe474cbca8347fe2620",
    "/8939.4734c10cd219622c.js": "26f4578e648941878f986f15c77d6273f5652b9a",
    "/9016.5f0973ac42633769.js": "9ea594e646a817e0f9baeb2fc6271598a1cdf84e",
    "/9230.804d08eea9883638.js": "0df436b0d1c468e5965abeb19d171b84cbb56d62",
    "/9325.2fc2a641dfde0e2c.js": "cafd2cddee3f8f8320a81081f28530cc3907a556",
    "/9434.13685f6f8df79ab9.js": "61a54ea9a029c4ea91cfbb0ab4a40b556aa73e4d",
    "/9536.8b94d4179b18c5a8.js": "f653a2580058affe2b5efd2d68203701e8c5d227",
    "/9654.ea4389e514d879bd.js": "413636c6dc6dcd07d5853e3f40861af7caf9e294",
    "/9824.4bf7e53fd320b523.js": "1984abf940a52b6f76d85eec94e46c6551e890bf",
    "/9922.e37bd04f0f91b2a4.js": "16dd7feda6ce34dae2f0ee7c4dbaf9e9e3d23834",
    "/9958.de2e65f75eab1cac.js": "2c469f3cb45b1d6768b288cdcb2e0a9197ca6aaf",
    "/assets/icon/favicon.png": "e7d70731f3d88e407f23a3ce0e7cf60174717ad4",
    "/assets/icon/logo.jpeg": "3c8db39b00897a97c3c29e79237d21c5854bf93d",
    "/assets/icons/icon-144-144.png": "e1468f82edf1e0ce769966d481b2c7d6236aa867",
    "/assets/icons/icon-192-192.png": "755fec06c39d71a939202d2b2ed083e6c4f582b5",
    "/assets/icons/icon-48-48.png": "aade42e09c0863b7e3ef292801726e5b693bcc77",
    "/assets/icons/icon-512-512.png": "6e2d9fcdc5422809c9f48e089f67a8da45b668b0",
    "/assets/icons/icon-72-72.png": "38896ff8f4bf5131b9f68017a61cf50963fe54d3",
    "/assets/icons/icon-96-96.png": "067063bc84672cc3c1595c5ee4dc7d9fdb1e8ff8",
    "/assets/imgs/accountinfo.png": "a390c2a8155e23924c1f5d9fbfa72ed6e48a9cc9",
    "/assets/imgs/acenteriesrecord.png": "046335a7034c6505a309e53ed174f259d05729e5",
    "/assets/imgs/balancesheet.png": "876dcf2603d88d6cb9122eaa4ee8d996b4b79634",
    "/assets/imgs/finance.png": "11a9268741ba798b8ff09f0800bec426daab8c1c",
    "/assets/imgs/itemdetails.png": "4b57755aafddf954f37da7806b6fbc3652846a58",
    "/assets/imgs/itemmovement.png": "2a055feb71d4a9c3977d3a54d74a45b212b6b9f6",
    "/assets/imgs/logo.jpeg": "3c8db39b00897a97c3c29e79237d21c5854bf93d",
    "/assets/imgs/profit.png": "1022348b3ce5278f42d613f34b52824a77f3e700",
    "/assets/imgs/profitandloss.jpg": "3c11cfc25242849e18826ab61cb2f41ac124611a",
    "/assets/imgs/purchasesreport.png": "e0355db460de35c56421b44f3b760602ab1b5ffc",
    "/assets/imgs/salesreport.png": "e86d0f22ed90847429a16d6b13edbe74cc4c115c",
    "/assets/imgs/statment.png": "3757c48bbf5ed4d2389fe5628ae70be49ab7839b",
    "/assets/imgs/useractivity.png": "be3aee0117a47c4a1d60fafd9e7c5331b8cc263c",
    "/assets/imgs/useretails.jpg": "29b388514935f7ea9d87709b5eb1fd59ec9c5afe",
    "/assets/shapes.svg": "638f87e27e6fc7ddfd6e6b262ea70d690f6c7011",
    "/common.004ccd858988ba6e.js": "538aefd9ed4994f4a21a8b390f2577a0c9c32678",
    "/index.html": "fa03470c65521c945b1f63ab1c7a7293fbf64baa",
    "/main.55068a93b006c76e.js": "da4421a666fdf202c6a4518afe0be0bac8f39950",
    "/manifest.webmanifest": "da2061dba175bf2d881980e8596ff5343e2dd7b6",
    "/polyfills-core-js.b3eb16f0f64e9b8c.js": "74f73ddfbee814abfb2702e1dd9ca4c9ddb994c5",
    "/polyfills-dom.3a5e3168052f1fc5.js": "50f6ff473a0568bffb8a9d412d7efaced2d36137",
    "/polyfills.c4f0768ec61d3c3b.js": "8a9a30dca61ec89cbd4ae385133c8d01e89a341d",
    "/runtime.73237c8bd49bdfd8.js": "0e0a407601e7f42f1b207b33797521af32928c63",
    "/styles.c2e824e6a65dae0e.css": "5213c2d1b269f2b284e794e11a303ec29ff14bb3"
  },
  "navigationUrls": [
    {
      "positive": true,
      "regex": "^\\/.*$"
    },
    {
      "positive": false,
      "regex": "^\\/(?:.+\\/)?[^/]*\\.[^/]*$"
    },
    {
      "positive": false,
      "regex": "^\\/(?:.+\\/)?[^/]*__[^/]*$"
    },
    {
      "positive": false,
      "regex": "^\\/(?:.+\\/)?[^/]*__[^/]*\\/.*$"
    }
  ],
  "navigationRequestStrategy": "performance"
}